MAX Stop, Neighborhood
Kings Hill/SW Salmon St,GOOSE HOLLOW FOOTHILLS LEAGUE
Interstate/Rose Quarter,LLOYD DISTRICT COMMUNITY ASSOCIATION
N Lombard TC,ARBOR LODGE
N Killingsworth St,OVERLOOK
Providence Park,GOOSE HOLLOW FOOTHILLS LEAGUE
Providence Park,GOOSE HOLLOW FOOTHILLS LEAGUE
Clinton/SE 12th Ave,HOSFORD-ABERNETHY NEIGHBORHOOD DISTRICT ASSOCIATION
SE 17th Ave & Rhine St,BROOKLYN ACTION CORPS
Beaverton Creek,Unknown
Delta Park/Vanport,KENTON
PSU South/SW 5th and Jackson,PORTLAND DOWNTOWN
PSU Urban Center/SW 6th and Montgomery,PORTLAND DOWNTOWN
SE Holgate Blvd,LENTS
Lents/SE Foster Rd,LENTS
Kenton/N Denver Ave,KENTON
SE Flavel St,LENTS
SE Powell Blvd,LENTS
SE Division St,POWELLHURST-GILBERT
SE Main St,HAZELWOOD
Galleria/SW 10th Ave,PORTLAND DOWNTOWN
Pioneer Square North,PORTLAND DOWNTOWN
Parkrose/Sumner TC,PARKROSE
Sunset TC,Unknown
Mt Hood Ave,Unknown
Morrison/SW 3rd Ave,PORTLAND DOWNTOWN
Mall/SW 5th Ave,PORTLAND DOWNTOWN
E 102nd Ave,HAZELWOOD
Portland International Airport,Unknown
Mall/SW 4th Ave,PORTLAND DOWNTOWN
E 122nd Ave,HAZELWOOD
E 162nd Ave,Unknown
Ruby Junction/E 197th Ave,Unknown
Rockwood/E 188th Ave,Unknown
Convention Center,LLOYD DISTRICT COMMUNITY ASSOCIATION
NE 7th Ave,LLOYD DISTRICT COMMUNITY ASSOCIATION
Gresham Central TC,Unknown
Gresham City Hall,Unknown
Pioneer Square South,PORTLAND DOWNTOWN
NE 60th Ave,ROSE CITY PARK
Rose Quarter TC,LLOYD DISTRICT COMMUNITY ASSOCIATION
Oak/ SW 1st Ave,OLD TOWN COMMUNITY ASSOCIATION
Hollywood/NE 42nd Ave TC,HOLLYWOOD
Lloyd Center/NE 11th Ave,LLOYD DISTRICT COMMUNITY ASSN./SULLIVAN'S GULCH
E 148th Ave,GLENFAIR
NE 82nd Ave,MADISON SOUTH
E 181st Ave,Unknown
E 172nd Ave,Unknown
Gateway/NE 99th Ave TC,HAZELWOOD
Goose Hollow/SW Jefferson St,GOOSE HOLLOW FOOTHILLS LEAGUE
Washington Park,ARLINGTON HEIGHTS/SYLVAN-HIGHLANDS
Tuality Hospital/SE 8th Ave,Unknown
Yamhill District,PORTLAND DOWNTOWN
Library/SW 9th Ave,PORTLAND DOWNTOWN
Hillsboro Central/SE 3rd TC,Unknown
Hawthorn Farm,Unknown
Merlo Rd/SW 158th Ave,Unknown
Skidmore Fountain,OLD TOWN COMMUNITY ASSOCIATION
Washington/SE 12th Ave,Unknown
Hatfield Government Center,Unknown
Fairplex/Hillsboro Airport,Unknown
Elmonica/SW 170th Ave,Unknown
Old Town/Chinatown,OLD TOWN COMMUNITY ASSOCIATION
Willow Creek/SW 185th Ave TC,Unknown
Beaverton Central,Unknown
Orenco/NW 231st Ave,Unknown
Quatama/NW 205th Ave,Unknown
Millikan Way,Unknown
Cleveland Ave,Unknown
PSU South/SW 6th and College,PORTLAND DOWNTOWN
Milwaukie/Main St,Unknown
Cascades,Unknown
SE Bybee Blvd,EASTMORELAND
SE Tacoma St/Johnson Creek,ARDENWALD-JOHNSON CREEK
SE 17th Ave & Holgate Blvd,BROOKLYN ACTION CORPS
Union Station/NW 6th and Hoyt,OLD TOWN COMMUNITY ASSOCIATION
SW 6th and Pine,PORTLAND DOWNTOWN
NW 5th and Couch,OLD TOWN COMMUNITY ASSOCIATION
Beaverton TC,Unknown
Pioneer Place/SW 5th,PORTLAND DOWNTOWN
South Waterfront/SW Moody Ave,SOUTH PORTLAND
Lincoln St/SW 3rd Ave,PORTLAND DOWNTOWN
Rosa Parks,ARBOR LODGE
Expo Center,KENTON
Overlook Park,OVERLOOK
Albina/Mississippi,ELIOT
N Prescott St,OVERLOOK
OMSI/SE Water Ave,HOSFORD-ABERNETHY NEIGHBORHOOD DISTRICT ASSOCIATION
SE Park Ave,Unknown
NW 6th and Davis,OLD TOWN COMMUNITY ASSOCIATION
SW 5th and Oak,PORTLAND DOWNTOWN
PSU Urban Center/SW 5th and Mill,PORTLAND DOWNTOWN
SW 6th and Madison St,PORTLAND DOWNTOWN
SE Fuller Rd,Unknown
Clackamas Town Center TC,Unknown
Civic Drive,Unknown
Union Station/NW 5th and Glisan,OLD TOWN COMMUNITY ASSOCIATION
Pioneer Courthouse/SW 6th,PORTLAND DOWNTOWN
City Hall/SW 5th and Jefferson,PORTLAND DOWNTOWN
